{"name": "modadd_59",
"funcs": "lambda x: (x[0]+x[1])%59",
"C": 59,
"n_heads": 4,
"d_model": 60,
"n_layers": 1,
"attention_dir": "casual",
"act_fn": "ReLU",
"epoch": 20000,
"batch_size": 3481,
"lr": 0.001,
"weight_decay": 2.0,
"frac": 0.8,
"attn_coeff": 0.175542897940401,
"runid": "B_d_60_attn_0.175543",
"diff_vocab": 0,
"eqn_sign": 0,
"save_embeddings": false,
"func": null,
"dist_irr": 0.23201816863255026,
"grad_sym": 0.9928384351730347,
"circ": 0.9946773671351371}