{"name": "modadd_59",
"funcs": "lambda x: (x[0]+x[1])%59",
"C": 59,
"n_heads": 4,
"d_model": 83,
"n_layers": 1,
"attention_dir": "casual",
"act_fn": "ReLU",
"epoch": 20000,
"batch_size": 3481,
"lr": 0.001,
"weight_decay": 2.0,
"frac": 0.8,
"attn_coeff": 0.13880894964320256,
"runid": "B_d_83_attn_0.138809",
"diff_vocab": 0,
"eqn_sign": 0,
"save_embeddings": false,
"func": null,
"dist_irr": 0.45656220014950993,
"grad_sym": 0.9919250518083572,
"circ": 0.973074016100407}